{"soso1": {"latitudes": [67.7159673043466], "longitudes": [154.26203403399919]}, "soso2": {"latitudes": [-58.49928944221103], "longitudes": [-19.730042982821047]}, "soso3": {"latitudes": [79.12953705653217], "longitudes": [130.1262570324875]}, "soso4": {"latitudes": [25.96011195447046], "longitudes": [-3.8833785807161685]}, "soso5": {"latitudes": [80.9982767093816], "longitudes": [47.63475787201173]}}