{"soso1": {"latitudes": [18.117746550974445], "longitudes": [-5.057538897393708]}, "soso2": {"latitudes": [73.57916233293699], "longitudes": [146.3613371155828]}, "soso3": {"latitudes": [-46.10504630593529], "longitudes": [-15.223277615614299]}, "soso4": {"latitudes": [-60.89090578979499], "longitudes": [-174.05024134702813]}, "soso5": {"latitudes": [-67.76068747879499], "longitudes": [-168.9407087747464]}}