{"soso1": {"latitudes": [-80.48798604014657, -82.32793423880193, -82.53281325712739, -80.990722417586, -78.3771204457751, -75.25043110845166, -71.8734428901677, -68.36210707354135, -64.77147623217017, -61.13012550581321, -57.45409416624787, -53.752991326395524, -50.032899314977975, -46.297859171943124, -42.55067968894398, -38.79340183429194, -35.02757731500625, -31.254441786180156, -27.475025667371153, -23.690226544465155, -19.900857091111384, -16.10767691752559, -12.311413609418413, -8.512776378935957, -4.712464649324975, -0.9111732304895351, 2.8904046591441572, 6.691575499432577, 10.49164379166315, 14.28990970668815, 18.08566509728025, 21.878186742644104, 25.666725379311007, 29.450488546448973, 33.22861440355471, 37.00013223387879, 40.76390290479563, 44.51852832326945, 48.26221135660786, 51.992533651874794, 55.706091623949135, 59.39787567682999, 63.060159045106914, 66.68039067691622, 70.23691734872376, 73.68958713639856, 76.9573128476945, 79.86133343430048, 81.99689959908675, 82.6602668144871, 81.4994477197118, 79.08096841931963, 76.04315798249446, 72.70840597510684, 69.21808222876265, 65.63784379083218, 62.00105239019657, 58.326107356319916, 54.623877596251596, 50.90116577573513], "longitudes": [47.47284620845025, 24.8051589921708, -4.448753067396369, -29.115181628296618, -44.83137007685303, -54.52376257248833, -60.874145697064925, -65.33371094348796, -68.65665735001927, -71.2544346527076, -73.36558087847031, -75.1363783566137, -76.66100172516605, -78.00265103937004, -79.20528140106653, -80.30042967361506, -81.3113573488333, -82.25565916776213, -83.14696057215447, -83.99605570995311, -84.8116919540343, -85.60112563912331, -86.37052692708212, -87.12528400161314, -87.87024002309298, -88.60988599559194, -89.34852642822904, -90.09043101409712, -90.83998373788656, -91.60184049614699, -92.3811074068319, -93.18355471437442, -94.0158861194865, -94.88609154230863, -95.80392466312783, -96.78156845968081, -97.83458849799649, -98.98333632721558, -100.25507587334319, -101.68730790981645, -103.33315233495972, -105.27041257029927, -107.61754057508577, -110.56321457343246, -114.42425145046059, -119.76527962458798, -127.65308215352657, -140.14227336894277, -160.48723339378387, 171.00752448911425, 144.2756116268256, 126.52025167665626, 115.64401126721926, 108.64264945035008, 103.80676512736301, 100.25214434249007, 97.50349475747848, 95.28939570519758, 93.44560743684637, 91.86759526400967]}, "soso2": {"latitudes": [-52.544012386028676, -48.83859944060924, -45.11940040922756, -41.38898649397133, -37.64925939800013, -33.90168984797022, -30.14746769692108, -26.387598864337555, -22.622969111954294, -18.854386448385245, -15.082609376176794, -11.308365556366528, -7.5323639065917325, -3.755302208428445, 0.02212827184504282, 3.7992399882890036, 7.575347180851217, 11.34976392518442, 15.12180129186471, 18.89076265502242, 22.6559359993748, 26.41658173570211, 30.17191397080155, 33.92107224939847, 37.663079243449985, 41.39677725944039, 45.1207319143453, 48.83308324098242, 52.53130945917455, 56.21183953125985, 59.86939134742597, 63.495784803517516, 67.07768643798573, 70.59202285228635, 73.99590249433413, 77.20263875044158, 80.02207238678466, 82.0333472688532, 82.55107387831711, 81.30422088060213, 78.87027632548597, 75.84817961507116, 72.53967760926741, 69.07909282228775, 65.52970978866593, 61.92403569526679, 58.28014049072573, 54.60875861426421, 50.91663417717773, 47.208216998968794, 43.48657883639385, 39.75393567124444, 36.01195916630519, 32.26196945368625, 28.505058099351615, 24.74216833140003, 20.97414817779636, 17.201785896096812, 13.425833528017197, 9.647022342186172], "longitudes": [-72.73702122236423, -74.2048014375138, -75.50509968582551, -76.67719490412581, -77.74957518888858, -78.74345580651573, -79.67502396149412, -80.55691680667157, -81.39922297207018, -82.2101799072176, -82.99667264943594, -83.76460076349748, -84.51915694799558, -85.26504662207405, -86.00666907623334, -86.74827545854455, -87.49411582483194, -88.24858608964921, -89.01638570077303, -89.80269822110428, -90.61341000410532, -91.45538740205566, -92.33684158211159, -93.26782405132458, -94.26091897297728, -95.3322367460925, -96.50287912241768, -97.8011624352994, -99.26609837988629, -100.95303696763595, -102.94318167871636, -105.3603644286875, -108.4021329415965, -112.40054078567552, -117.94711480627578, -126.15418568009217, -139.12580785400425, -159.97877005272056, 171.71829750460674, 145.9275706704234, 128.84220669248202, 118.27199832089771, 111.40103382262826, 106.62072517016587, 103.08880743200557, 100.34766936501077, 98.1337915968144, 96.28667846245776, 94.70365723731568, 93.31621545329622, 92.07694590365266, 90.95199267492457, 89.91649176153206, 88.95171455699676, 88.04321780079333, 87.17960884086807, 86.35169827536956, 85.55190260746383, 84.77381150134397, 84.0118648960705]}, "soso3": {"latitudes": [-33.17201803974487, -36.932453131967904, -40.684842513274006, -44.42778497146925, -48.1594840740956, -51.8775290068169, -55.57853661000047, -59.257543128008784, -62.906920226488175, -66.51433039928496, -70.05860359591013, -73.50075530248931, -76.76275653231109, -79.67439402602174, -81.85281774057769, -82.61878580576199, -81.57802471015678, -79.24244664380426, -76.25640556941144, -72.95759566547027, -69.49544985610079, -65.93934510570094, -62.324434748917994, -58.670042490808775, -54.98754446800667, -51.28403492168707, -47.56416479753969, -43.83112609465111, -40.087208780512796, -36.33413080761511, -32.57324131150758, -28.805649642524795, -25.032309246951744, -21.25407306357233, -17.47173037969875, -13.68603130018262, -9.897702781655509, -6.107458873225951, -2.316007016147323, 1.4759482266401809, 5.267702921682844, 9.058552059950797, 12.847787510524222, 16.63469471450597, 20.4185470715648, 24.198596720115535, 27.97405998248814, 31.74409503527183, 35.5077681895542, 39.2640031994665, 43.01150464936771, 46.748640537930655, 50.47325836592803, 54.18238852987952, 57.871748110994254, 61.53487295091487, 65.16151658715212, 68.73450460672713, 72.22308296995071, 75.56765884626859], "longitudes": [92.64490528228376, 91.66493599231083, 90.60984575063074, 89.45944900899319, 88.18675062194143, 86.75469343584587, 85.11090891806806, 83.17890891130003, 80.8426398675525, 77.91801949683273, 74.09756760030425, 68.83687189620669, 61.115229821126604, 48.97894933388712, 29.29435145835306, 1.3875303814177349, -25.5506111603132, -43.80959005496714, -55.04960299782701, -62.275468341849106, -67.25251348687186, -70.9004662093019, -73.71396909370162, -75.9751007247096, -77.85422975310003, -79.45958459384353, -80.86296216599881, -82.11379564869648, -83.2472369235013, -84.28900517919735, -85.25840852194825, -86.17029184255499, -87.0363314253027, -87.86592001584366, -88.66678851541702, -89.44545478367904, -90.20755729971569, -90.9581117238905, -91.70171634184105, -92.44272496952821, -93.18540146831846, -93.93406762362778, -94.69325529669455, -95.46787430177328, -96.26340949633348, -97.086164506108, -97.94357616419265, -98.84463461419114, -99.80046175429221, -100.8251300191947, -101.93685310003605, -103.15976652751777, -104.5266713009109, -106.08340357194965, -107.89605737738383, -110.06343612546405, -112.7395643951455, -116.17659501212508, -120.81117882092354, -127.44584548358094]},