{"soso1": {"latitudes": [68.48016010843276, 71.99421483285049, 75.37103670864354, 78.49054027078087, 81.07975893434812, 82.563240657065, 82.2751977694402, 80.37272501108393, 77.575654149998, 74.35561991822566, 70.92447974391165, 67.3769104983057, 63.758931483222106, 60.094967783592985, 56.3990000439111, 52.67955279973395, 48.94211370866372, 45.19039252223502, 41.42701661838525, 37.65393500802378, 33.87266296040823, 30.084435188763457, 26.290304295958407, 22.49120518630814, 18.68799760385047, 14.88149420663256, 11.07247886805376, 7.2617182917770045, 3.4499690675332144, -0.3620182878028134], "longitudes": [-101.5107751343628, -106.02726195501025, -112.47848962957445, -122.35994438294631, -138.421806360657, -163.50902558307368, 167.25500382419844, 144.9734309677241, 131.1658220888338, 122.55316019940469, 116.80624719914634, 112.70352726926032, 109.60492390856585, 107.15588041043816, 105.1477401177058, 103.45084643342396, 101.98077727466044, 100.68032304150051, 99.50935631883321, 98.43886938923701, 97.44731974323777, 96.51830855185217, 95.63905789857068, 94.79938225856827, 93.99097432048433, 93.20689531474379, 92.44120067162461, 91.68865605430854, 90.94451352991028, 90.2043266617091]}, "soso2": {"latitudes": [-7.653744915962866, -3.8860037146305006, -0.11748347651649076, 3.6511726011852588, 7.419320737446709, 11.186314402186685, 14.95150132256331, 18.71421871718242, 22.473785627714925, 26.229490884550405, 29.980574689359546, 33.72620088999224, 37.46541551699001, 41.197084610215235, 44.9197999645046, 48.631733559336155, 52.33040685992306, 56.012312980103495, 59.672272428534676, 63.30228018766222, 66.88932062133445, 70.41093704125228, 73.82552761528413, 77.04931742071501, 79.89895507191937, 81.96652102711303, 82.56771592672406, 81.38893436326839, 78.9865409694504, 75.97458611630066], "longitudes": [-81.56871881896609, -82.31360754307464, -83.05415207949164, -83.79458063482892, -84.53911764018716, -85.29212934107187, -86.05827980737956, -86.84270937172043, -87.6512504359367, -88.49070072181682, -89.3691824853353, -90.29662991976355, -91.28546941053048, -92.3515947451202, -93.51580347811183, -94.80597377873647, -96.26046782752736, -97.93364069101608, -99.90511311932886, -102.29608746593571, -105.29952125769859, -109.23901139321549, -114.68969789044023, -122.731686571418, -135.4157145206043, -155.86528183147533, 175.9662997218904, 149.79618476207196, 132.32436481223084, 121.53022958314949]}, "soso3": {"latitudes": [40.84157063048295, 37.08244284347328, 33.31523818569579, 29.541147596137236, 25.76119088194759, 21.976277149680868, 18.187244870995194, 14.394888413047312, 10.599975387382056, 6.803257703415438, 3.0054783298270964, -0.792624768641495, -4.590316370773976, -8.386862442079455, -12.1815283824811, -15.973576161783749, -19.762259318863205, -23.546814574405925, -27.32644841709145, -31.100316372432292, -34.86749158827382, -38.626917578636395, -42.377336905755556, -46.1171822222792, -49.84440638579779, -53.55621008500242, -57.24858944626003, -60.9155515569467, -64.54768209607879, -68.1293649298624], "longitudes": [103.90269704453317, 102.8426178816436, 101.85866143460545, 100.9351250979041, 100.05971880346138, 99.22260415985484, 98.41572353952537, 97.63231868531416, 96.86657517402249, 96.11335109959087, 95.36796177603263, 94.62600051148395, 93.8831804824183, 93.13518551358963, 92.37751870900743, 91.60533760778324, 90.813262802284, 89.99514341024764, 89.14375670153157, 88.25040919771364, 87.30439029946375, 86.29220268145667, 85.19644853146046, 83.9941725329043, 82.65432275846061, 81.13373161636606, 79.37051885990587, 77.27280867389749, 74.698512813641, 71.41717573327264]}, "soso4": {"latitudes": [-30.903837688984858, -34.67138810809888, -38.43124896653694, -42.18217557032839, -45.92262023543012, -49.65056639166394, -53.36326303884649, -57.05678459120062, -60.72526948580575, -64.35953401021837, -67.94439081607236, -71.45307964523239, -74.8347354176667, -77.98390389238693, -80.66468226925167, -82.368667757066, -82.40836450945191, -80.76275526540435, -78.11209406512025, -74.97882615106408, -71.6072253767209, -68.10626037203085, -64.52828574815547, -60.90073985474667, -57.239139135679864, -53.55283263262213, -49.847763646639706, -46.12789334670671, -42.39598087062458, -38.65403341900808], "longitudes": [93.03514678966333, 92.09217718154078, 91.08382678840836, 89.99293607564653, 88.79689234791874, 87.46514838269492, 85.95530174702625, 84.20667215280757, 82.12934165104575, 79.5845669917439, 76.34791612030169, 72.03599215338988, 65.95371439515237, 56.77638121360096, 42.03875324298035, 18.704513359409617, -10.318518982505465, -34.03360106308529, -49.080169259555916, -58.4329179355664, -64.61309646641907, -68.98268735264142, -72.25539836775162, -74.82391973870085, -76.91755919451107, -78.67776716829002, -80.19604528099545, -81.53404324228381, -82.73478018995053, -83.82920844150603]}, "soso5": {"latitudes": [-28.36818351380678, -32.122109293958786, -35.86895348342606, -39.607650837723504, -43.336913164989, -47.05510901071834, -50.760075387952234, -54.44881428300582, -58.116984980346764, -61.758016022842554, -65.36146686998512, -68.90980922374267, -72.37162488580549, -75.68603050801981, -78.72442991235704, -81.19835307606496, -82.52629158659373, -82.10772126986741, -80.16310009402817, -77.37862850509485, -74.19124400844589, -70.7996100053963, -67.29402037746009, -63.718947346289866, -60.098210789910965, -56.44552218234615, -52.769263710016965, -49.07482951224747, -45.36585380664439, -41.644893811528796], "longitudes": [93.40578437248084, 92.49969753094648, 91.53794132901814, 90.50625386066758, 89.38616434698491, 88.15318337968704, 86.77401355543647, 85.20210607460251, 83.3703155061316, 81.1782381752713, 78.46932952534974, 74.98733397562603, 70.2887804689633, 63.56019220659689, 53.249729125930195, 36.60996537849491, 11.266766503445368, -17.183986172333633, -38.522089547385505, -51.84209990503026, -60.24749820784569, -65.90795619542222, -69.97553895812916, -73.0618194161438, -75.50910377762219, -77.52045760602734, -79.22284895883294, -80.69935500765159, -82.00649514537868, -83.1840388494652]}}